0,Label,slice,Saturated,J.D.-2400000,JD_UTC,JD_SOBS,HJD_UTC,BJD_TDB,AIRMASS,ALT_OBJ,CCD-TEMP,EXPTIME,RAOBJ2K,DECOBJ2K,Source_Radius,Sky_Rad(min),Sky_Rad(max),X(IJ),Y(IJ),X(FITS),Y(FITS),Source-Sky,Source_Error,Source_SNR,Peak,Mean,Sky/Pixel,Width,X-Width,Y-Width,Angle,Roundness
1,pulsar-101.fit,1,0,"56,941.432503","2,456,941.432503",NaN,NaN,NaN,NaN,NaN,-24.0625,0.5,NaN,NaN,20,35,53,98.786543,315.396752,99.286543,197.103248,"1,107.731179","1,789.863276",0.618892,"2,023","1,999.925159","1,999.043208",28.689744,24.497695,32.881794,270.81777,0.918066
2,pulsar-102.fit,2,0,"56,941.432514","2,456,941.432514",NaN,NaN,NaN,NaN,NaN,-24.0625,0.5,NaN,NaN,20,35,53,98.192575,317.178654,98.692575,195.321346,"1,106.979714","1,796.417726",0.616215,"2,022","2,000.117647","1,999.237695",24.920054,20.922431,28.917677,271.995107,0.901688
3,pulsar-103.fit,3,0,"56,941.432526","2,456,941.432526",NaN,NaN,NaN,NaN,NaN,-24.0625,0.5,NaN,NaN,20,35,53,98.192575,317.178654,98.692575,195.321346,"1,331.100742","1,796.712472",0.740854,"2,028","2,000.218601","1,999.160492",23.093592,21.589674,24.597509,70.75315,0.972541
4,pulsar-104.fit,4,0,"56,941.432538","2,456,941.432538",NaN,NaN,NaN,NaN,NaN,-24.125,0.5,NaN,NaN,20,35,53,98.192575,317.178654,98.692575,195.321346,885.595832,"1,792.57961",0.494034,"2,021","1,999.701113","1,998.997142",25.226725,18.382158,32.071293,86.952373,0.741621
5,pulsar-105.fit,5,0,"56,941.432549","2,456,941.432549",NaN,NaN,NaN,NaN,NaN,-24.125,0.5,NaN,NaN,20,35,53,98.192575,317.178654,98.692575,195.321346,"3,667,938.769581","2,625.551339","1,397.016587","8,971","4,927.620032","2,011.929436",22.740285,21.734654,23.745917,82.30964,0.991618
6,pulsar-106.fit,6,0,"56,941.432572","2,456,941.432572",NaN,NaN,NaN,NaN,NaN,-24.125,0.5,NaN,NaN,20,35,53,98.192575,317.178654,98.692575,195.321346,"1,360.086535","1,800.391064",0.75544,"2,021","2,000.646264","1,999.565114",26.403753,27.80551,25.001997,35.64005,0.891163
7,pulsar-107.fit,7,0,"56,941.432584","2,456,941.432584",NaN,NaN,NaN,NaN,NaN,-24.125,0.5,NaN,NaN,20,35,53,98.192575,317.178654,98.692575,195.321346,"1,211.379493","1,795.198584",0.674789,"2,025","2,000.469793","1,999.506853",25.309388,24.706848,25.911928,307.145099,0.969112
9,pulsar-108.fit,8,0,"56,941.432595","2,456,941.432595",NaN,NaN,NaN,NaN,NaN,-24.1875,0.5,NaN,NaN,20,35,53,98.192575,317.178654,98.692575,195.321346,833.48004,"1,790.917287",0.465393,"2,023","1,999.875199","1,999.212655",30.223062,25.267611,35.178513,65.367485,0.760523
10,pulsar-109.fit,9,0,"56,941.432607","2,456,941.432607",NaN,NaN,NaN,NaN,NaN,-24.1875,0.5,NaN,NaN,20,35,53,98.192575,317.178654,98.692575,195.321346,-79.866031,"1,797.185417",-0.04444,"2,024","1,999.780604","1,999.844091",16.120153,15.071905,17.168401,87.098449,-59.239088
11,pulsar-110.fit,10,0,"56,941.432619","2,456,941.432619",NaN,NaN,NaN,NaN,NaN,-24.1875,0.5,NaN,NaN,20,35,53,98.192575,317.178654,98.692575,195.321346,"1,219.829932","1,792.013705",0.680703,"2,028","2,000.877583","1,999.907925",25.219339,25.200106,25.238571,314.89349,0.831707
12,pulsar-111.fit,11,0,"56,941.43263","2,456,941.43263",NaN,NaN,NaN,NaN,NaN,-24.1875,0.5,NaN,NaN,20,35,53,98.192575,317.178654,98.692575,195.321346,"1,023.362391","1,788.736744",0.572115,"2,029","2,000.345787","1,999.532303",28.480163,28.411616,28.54871,313.577273,0.990597
13,pulsar-112.fit,12,0,"56,941.432653","2,456,941.432653",NaN,NaN,NaN,NaN,NaN,-24.1875,0.5,NaN,NaN,20,35,53,98.192575,317.178654,98.692575,195.321346,"4,019,821.38781","2,692.965936","1,492.711562","9,601","5,208.732909","2,013.326401",22.73864,21.744644,23.732636,81.821183,0.99173
14,pulsar-113.fit,13,0,"56,941.432665","2,456,941.432665",NaN,NaN,NaN,NaN,NaN,-24.25,0.5,NaN,NaN,20,35,53,98.192575,317.178654,98.692575,195.321346,"2,049.94783","1,792.806309",1.14343,"2,028","2,001.077107","1,999.447577",26.935519,30.026671,23.844367,11.91073,0.938677
15,pulsar-114.fit,14,0,"56,941.432677","2,456,941.432677",NaN,NaN,NaN,NaN,NaN,-24.25,0.5,NaN,NaN,20,35,53,98.192575,317.178654,98.692575,195.321346,"1,367.848092","1,796.279533",0.76149,"2,027","2,000.251192","1,999.163873",26.779793,25.332631,28.226955,83.623549,0.987792
16,pulsar-115.fit,15,0,"56,941.432688","2,456,941.432688",NaN,NaN,NaN,NaN,NaN,-24.25,0.5,NaN,NaN,20,35,53,98.192575,317.178654,98.692575,195.321346,"1,323.422267","1,790.188802",0.739264,"2,024","2,000.488871","1,999.436866",23.437203,16.139023,30.735384,272.764127,0.674657
17,pulsar-116.fit,16,0,"56,941.4327","2,456,941.4327",NaN,NaN,NaN,NaN,NaN,-24.3125,0.5,NaN,NaN,20,35,53,98.192575,317.178654,98.692575,195.321346,434.743436,"1,790.036868",0.242868,"2,024","1,999.997615","1,999.652032",15.115243,6.717651,23.512835,273.923697,-0.413469
18,pulsar-117.fit,17,0,"56,941.432711","2,456,941.432711",NaN,NaN,NaN,NaN,NaN,-24.3125,0.5,NaN,NaN,20,35,53,98.192575,317.178654,98.692575,195.321346,"4,253,795.423998","2,736.0838","1,554.702171","10,209","5,395.175676","2,013.780267",22.738514,21.743083,23.733945,81.585178,0.991665
19,pulsar-118.fit,18,0,"56,941.432723","2,456,941.432723",NaN,NaN,NaN,NaN,NaN,-24.3125,0.5,NaN,NaN,20,35,53,98.192575,317.178654,98.692575,195.321346,"1,184.831657","1,795.119407",0.660029,"2,023","2,000.581876","1,999.640038",25.417599,18.410434,32.424764,276.543096,0.723239
20,pulsar-119.fit,19,0,"56,941.432746","2,456,941.432746",NaN,NaN,NaN,NaN,NaN,-24.375,0.5,NaN,NaN,20,35,53,98.192575,317.178654,98.692575,195.321346,"1,319.435726","1,791.896364",0.736335,"2,024","2,000.158188","1,999.109352",31.190688,29.730451,32.650925,61.35685,0.970115
21,pulsar-120.fit,20,0,"56,941.432758","2,456,941.432758",NaN,NaN,NaN,NaN,NaN,-24.375,0.5,NaN,NaN,20,35,53,98.192575,317.178654,98.692575,195.321346,"1,054.867886","1,789.161517",0.589588,"2,023","2,000.377583","1,999.539056",24.09087,20.637911,27.543829,70.762962,0.871272
22,pulsar-121.fit,21,0,"56,941.432769","2,456,941.432769",NaN,NaN,NaN,NaN,NaN,-24.375,0.5,NaN,NaN,20,35,53,98.192575,317.178654,98.692575,195.321346,734.173128,"1,794.194716",0.409194,"2,021","2,000.096979","1,999.513376",26.678896,17.168292,36.189501,83.397671,0.577813
23,pulsar-122.fit,22,0,"56,941.432781","2,456,941.432781",NaN,NaN,NaN,NaN,NaN,-24.375,0.5,NaN,NaN,20,35,53,98.192575,317.178654,98.692575,195.321346,"1,194.197494","1,795.681024",0.665039,"2,026","2,000.36566","1,999.416377",25.676416,22.209776,29.143057,85.42688,0.927851
24,pulsar-123.fit,23,0,"56,941.432792","2,456,941.432792",NaN,NaN,NaN,NaN,NaN,-24.375,0.5,NaN,NaN,20,35,53,98.192575,317.178654,98.692575,195.321346,804.270867,"1,792.182524",0.448766,"2,027","2,000.518283","1,999.878958",19.837074,15.425918,24.24823,285.423322,0.756351
25,pulsar-124.fit,24,0,"56,941.432804","2,456,941.432804",NaN,NaN,NaN,NaN,NaN,-24.4375,0.5,NaN,NaN,20,35,53,98.192575,317.178654,98.692575,195.321346,"4,741,648.324026","2,823.617229","1,679.281553","11,021","5,784.608903","2,015.413097",22.730705,21.733323,23.728087,81.482737,0.991608
26,pulsar-125.fit,25,0,"56,941.432827","2,456,941.432827",NaN,NaN,NaN,NaN,NaN,-24.4375,0.5,NaN,NaN,20,35,53,98.192575,317.178654,98.692575,195.321346,"1,632.717212","1,791.118259",0.911563,"2,023","2,000.461049","1,999.163182",25.421637,22.390138,28.453136,272.270303,0.944354
27,pulsar-126.fit,26,0,"56,941.432839","2,456,941.432839",NaN,NaN,NaN,NaN,NaN,-24.4375,0.5,NaN,NaN,20,35,53,98.192575,317.178654,98.692575,195.321346,"1,363.07007","1,791.378424",0.760906,"2,030","2,000.335453","1,999.251932",25.545002,22.945738,28.144267,62.30942,0.874301
28,pulsar-127.fit,27,0,"56,941.43285","2,456,941.43285",NaN,NaN,NaN,NaN,NaN,-24.4375,0.5,NaN,NaN,20,35,53,98.192575,317.178654,98.692575,195.321346,261.182829,"1,798.097122",0.145255,"2,029","2,000.016693","1,999.809076",21.083512,4.734231,37.432794,68.568609,-0.984262
29,pulsar-128.fit,28,0,"56,941.432862","2,456,941.432862",NaN,NaN,NaN,NaN,NaN,-24.4375,0.5,NaN,NaN,20,35,53,98.192575,317.178654,98.692575,195.321346,895.090343,"1,793.616205",0.499042,"2,025","2,000.189189","1,999.477671",20.554252,11.161453,29.947051,273.322006,0.42061
30,pulsar-129.fit,29,0,"56,941.432873","2,456,941.432873",NaN,NaN,NaN,NaN,NaN,-24.4375,0.5,NaN,NaN,20,35,53,98.192575,317.178654,98.692575,195.321346,"1,715.624533","1,794.747345",0.955914,"2,026","2,000.819555","1,999.455783",26.362529,27.963416,24.761642,18.025904,0.977599
31,pulsar-130.fit,30,0,"56,941.432885","2,456,941.432885",NaN,NaN,NaN,NaN,NaN,-24.4375,0.5,NaN,NaN,20,35,53,98.192575,317.178654,98.692575,195.321346,"1,233.86159","1,792.735518",0.688256,"2,023","2,000.300477","1,999.319665",27.636911,23.929835,31.343987,279.792331,0.921762
32,pulsar-131.fit,31,0,"56,941.432908","2,456,941.432908",NaN,NaN,NaN,NaN,NaN,-24.4375,0.5,NaN,NaN,20,35,53,98.192575,317.178654,98.692575,195.321346,"4,486,650.655979","2,777.560979","1,615.320308","10,496","5,580.99841","2,014.503453",22.729643,21.743735,23.715552,81.411894,0.991786
33,pulsar-132.fit,32,0,"56,941.43292","2,456,941.43292",NaN,NaN,NaN,NaN,NaN,-24.4375,0.5,NaN,NaN,20,35,53,98.192575,317.178654,98.692575,195.321346,"1,307.925218","1,801.482577",0.726027,"2,029","2,000.489666","1,999.44998",26.419599,24.758348,28.08085,272.983858,0.984138
34,pulsar-133.fit,33,0,"56,941.432931","2,456,941.432931",NaN,NaN,NaN,NaN,NaN,-24.4375,0.5,NaN,NaN,20,35,53,98.192575,317.178654,98.692575,195.321346,"1,205.039769","1,796.168278",0.670895,"2,024","2,000.172496","1,999.214595",24.888933,21.155639,28.622228,279.911441,0.902734
35,pulsar-134.fit,34,0,"56,941.432943","2,456,941.432943",NaN,NaN,NaN,NaN,NaN,-24.4375,0.5,NaN,NaN,20,35,53,98.192575,317.178654,98.692575,195.321346,"1,254.392594","1,788.400197",0.701405,"2,023","2,000.460254","1,999.463122",25.689581,28.893748,22.485414,339.81837,0.896077
36,pulsar-135.fit,35,0,"56,941.432954","2,456,941.432954",NaN,NaN,NaN,NaN,NaN,-24.4375,0.5,NaN,NaN,20,35,53,98.192575,317.178654,98.692575,195.321346,"1,309.237147","1,793.630621",0.729937,"2,020","2,000.389507","1,999.348778",26.705009,25.031058,28.37896,58.347927,0.922737
37,pulsar-136.fit,36,0,"56,941.432966","2,456,941.432966",NaN,NaN,NaN,NaN,NaN,-24.4375,0.5,NaN,NaN,20,35,53,98.192575,317.178654,98.692575,195.321346,"4,485,495.116093","2,777.968912","1,614.667139","10,473","5,579.941971","2,014.365567",22.723807,21.725322,23.722292,81.267653,0.991545
38,pulsar-137.fit,37,0,"56,941.432977","2,456,941.432977",NaN,NaN,NaN,NaN,NaN,-24.4375,0.5,NaN,NaN,20,35,53,98.192575,317.178654,98.692575,195.321346,483.433211,"1,793.708005",0.269516,"2,021","1,999.936407","1,999.55212",23.053662,13.686676,32.420649,64.684107,-0.20912
39,pulsar-138.fit,38,0,"56,941.433001","2,456,941.433001",NaN,NaN,NaN,NaN,NaN,-24.4375,0.5,NaN,NaN,20,35,53,98.192575,317.178654,98.692575,195.321346,"1,264.391128","1,796.915773",0.703645,"2,029","2,000.262321","1,999.257241",24.419163,23.898575,24.93975,61.398903,0.99381
40,pulsar-139.fit,39,0,"56,941.433012","2,456,941.433012",NaN,NaN,NaN,NaN,NaN,-24.4375,0.5,NaN,NaN,20,35,53,98.192575,317.178654,98.692575,195.321346,"1,248.936651","1,788.095944",0.698473,"2,027","2,000.329094","1,999.336298",26.440139,26.389148,26.491131,313.307797,0.995731
41,pulsar-140.fit,40,0,"56,941.433024","2,456,941.433024",NaN,NaN,NaN,NaN,NaN,-24.4375,0.5,NaN,NaN,20,35,53,98.192575,317.178654,98.692575,195.321346,"1,162.478793","1,794.97042",0.647631,"2,022","2,000.441176","1,999.517107",24.54821,25.835247,23.261174,36.426367,0.874201
42,pulsar-141.fit,41,0,"56,941.433035","2,456,941.433035",NaN,NaN,NaN,NaN,NaN,-24.5,0.5,NaN,NaN,20,35,53,98.192575,317.178654,98.692575,195.321346,"1,155.931641","1,800.685763",0.64194,"2,026","2,000.341812","1,999.422948",29.33355,28.078461,30.58864,89.327795,0.9927
43,pulsar-142.fit,42,0,"56,941.433047","2,456,941.433047",NaN,NaN,NaN,NaN,NaN,-24.5,0.5,NaN,NaN,20,35,53,98.192575,317.178654,98.692575,195.321346,"1,143.160509","1,795.061273",0.636836,"2,025","2,000.347377","1,999.438664",23.822588,20.92895,26.716225,69.28324,0.898036
44,pulsar-143.fit,43,0,"56,941.433058","2,456,941.433058",NaN,NaN,NaN,NaN,NaN,-24.5,0.5,NaN,NaN,20,35,53,98.192575,317.178654,98.692575,195.321346,"4,350,327.823258","2,753.654803","1,579.837756","10,218","5,472.247218","2,014.116993",22.717519,21.727053,23.707984,81.333637,0.991687
45,pulsar-144.fit,44,0,"56,941.433082","2,456,941.433082",NaN,NaN,NaN,NaN,NaN,-24.5,0.5,NaN,NaN,20,35,53,98.192575,317.178654,98.692575,195.321346,"1,043.142301","1,789.553178",0.582907,"2,022","2,000.23132","1,999.402113",26.984822,26.645441,27.324203,313.554896,0.751221
46,pulsar-145.fit,45,0,"56,941.433093","2,456,941.433093",NaN,NaN,NaN,NaN,NaN,-24.5,0.5,NaN,NaN,20,35,53,98.192575,317.178654,98.692575,195.321346,826.891431,"1,790.84465",0.461733,"2,023","1,999.806041","1,999.148735",26.625901,22.252803,30.998999,71.285242,0.83776
47,pulsar-146.fit,46,0,"56,941.433105","2,456,941.433105",NaN,NaN,NaN,NaN,NaN,-24.5,0.5,NaN,NaN,20,35,53,98.192575,317.178654,98.692575,195.321346,"1,325.550499","1,796.974201",0.737657,"2,019","2,000.204293","1,999.150596",25.58621,27.137086,24.035334,4.907112,0.984975
48,pulsar-147.fit,47,0,"56,941.433116","2,456,941.433116",NaN,NaN,NaN,NaN,NaN,-24.5,0.5,NaN,NaN,20,35,53,98.192575,317.178654,98.692575,195.321346,926.15998,"1,788.153427",0.517942,"2,114","2,000.127981","1,999.391765",27.572782,29.763821,25.381744,5.767024,0.974019
49,pulsar-148.fit,48,0,"56,941.433128","2,456,941.433128",NaN,NaN,NaN,NaN,NaN,-24.5,0.5,NaN,NaN,20,35,53,98.192575,317.178654,98.692575,195.321346,"1,051.839245","1,792.102909",0.58693,"2,023","2,000.097774","1,999.261654",22.861638,18.565894,27.157381,64.453411,0.665969
50,pulsar-149.fit,49,0,"56,941.433139","2,456,941.433139",NaN,NaN,NaN,NaN,NaN,-24.5,0.5,NaN,NaN,20,35,53,98.192575,317.178654,98.692575,195.321346,778.913276,"1,791.352093",0.434819,"2,022","1,999.608903","1,998.989735",24.054184,17.208728,30.899641,291.802988,0.471257
51,pulsar-150.fit,50,0,"56,941.433163","2,456,941.433163",NaN,NaN,NaN,NaN,NaN,-24.5,0.5,NaN,NaN,20,35,53,98.192575,317.178654,98.692575,195.321346,"3,901,477.008808","2,670.74773","1,460.818244","9,427","5,114.143879","2,012.810804",22.705055,21.715109,23.695002,80.868097,0.9916
52,pulsar-151.fit,51,0,"56,941.433174","2,456,941.433174",NaN,NaN,NaN,NaN,NaN,-24.5,0.5,NaN,NaN,20,35,53,98.192575,317.178654,98.692575,195.321346,"1,926.764105","1,792.551172",1.074873,"2,021","2,000.581876","1,999.050267",25.99603,24.226255,27.765804,79.871627,0.97913
53,pulsar-152.fit,52,0,"56,941.433186","2,456,941.433186",NaN,NaN,NaN,NaN,NaN,-24.5,0.5,NaN,NaN,20,35,53,98.192575,317.178654,98.692575,195.321346,"1,055.261135","1,791.930642",0.588896,"2,024","1,999.999205","1,999.160365",27.165538,25.380317,28.950759,56.564838,0.889008
54,pulsar-153.fit,53,0,"56,941.433197","2,456,941.433197",NaN,NaN,NaN,NaN,NaN,-24.5,0.5,NaN,NaN,20,35,53,98.192575,317.178654,98.692575,195.321346,"1,534.030704","1,789.962325",0.857018,"2,021","2,000.391892","1,999.172472",25.565615,23.537577,27.593653,282.632794,0.969606
55,pulsar-154.fit,54,0,"56,941.433209","2,456,941.433209",NaN,NaN,NaN,NaN,NaN,-24.5,0.5,NaN,NaN,20,35,53,98.192575,317.178654,98.692575,195.321346,"1,813.512723","1,796.594186",1.009417,"2,023","2,000.63434","1,999.192756",26.580169,25.139124,28.021213,304.557814,0.908025
56,pulsar-155.fit,55,0,"56,941.43322","2,456,941.43322",NaN,NaN,NaN,NaN,NaN,-24.5,0.5,NaN,NaN,20,35,53,98.192575,317.178654,98.692575,195.321346,"3,996,106.671474","2,688.663795","1,486.279794","9,736","5,189.465819","2,012.910436",22.710378,21.728415,23.692341,80.994357,0.991762
57,pulsar-156.fit,56,0,"56,941.433244","2,456,941.433244",NaN,NaN,NaN,NaN,NaN,-24.5,0.5,NaN,NaN,20,35,53,99.38051,317.178654,99.88051,195.321346,"1,348.280272","1,791.796483",0.752474,"2,023","2,000.22496","1,999.153195",26.00554,24.137081,27.873999,57.299104,0.882047
58,pulsar-157.fit,57,0,"56,941.433255","2,456,941.433255",NaN,NaN,NaN,NaN,NaN,-24.5,0.5,NaN,NaN,20,35,53,99.38051,317.178654,99.88051,195.321346,"3,649,216.751227","2,621.6488","1,391.954846","9,021","4,912.491256","2,011.683028",22.748888,21.823191,23.674584,76.416077,0.99166
59,pulsar-158.fit,58,0,"56,941.433267","2,456,941.433267",NaN,NaN,NaN,NaN,NaN,-24.5,0.5,NaN,NaN,20,35,53,99.38051,317.178654,99.88051,195.321346,899.456123,"1,800.890922",0.499451,"2,026","2,000.237679","1,999.52269",22.149234,24.190848,20.107619,30.332379,0.860783
60,pulsar-159.fit,59,0,"56,941.433278","2,456,941.433278",NaN,NaN,NaN,NaN,NaN,-24.5,0.5,NaN,NaN,20,35,53,99.38051,317.178654,99.88051,195.321346,"1,493.676801","1,790.913989",0.83403,"2,026","2,000.169316","1,998.981974",24.916959,20.892807,28.941111,279.105721,0.890178
61,pulsar-160.fit,60,0,"56,941.43329","2,456,941.43329",NaN,NaN,NaN,NaN,NaN,-24.5,0.5,NaN,NaN,20,35,53,99.38051,317.178654,99.88051,195.321346,"1,117.020282","1,791.722071",0.623434,"2,023","2,000.019078","1,999.131144",27.278081,24.406613,30.14955,80.000368,0.950899
62,pulsar-161.fit,61,0,"56,941.433302","2,456,941.433302",NaN,NaN,NaN,NaN,NaN,-24.5,0.5,NaN,NaN,20,35,53,99.38051,317.178654,99.88051,195.321346,996.966719,"1,795.461865",0.55527,"2,026","2,000.13752","1,999.345019",22.263962,15.30638,29.221545,273.657656,0.670439
63,pulsar-162.fit,62,0,"56,941.433325","2,456,941.433325",NaN,NaN,NaN,NaN,NaN,-24.5,0.5,NaN,NaN,20,35,53,99.38051,317.178654,99.88051,195.321346,"3,474,245.333085","2,587.359169","1,342.776594","8,623","4,772.817965","2,011.096715",22.7448,21.814551,23.67505,76.24687,0.991523
64,pulsar-163.fit,63,0,"56,941.433336","2,456,941.433336",NaN,NaN,NaN,NaN,NaN,-24.5,0.5,NaN,NaN,20,35,53,99.38051,317.178654,99.88051,195.321346,"1,395.554773","1,791.029726",0.779191,"2,024","2,000.034181","1,998.924837",25.275643,24.868459,25.682826,54.706553,0.990608
65,pulsar-164.fit,64,0,"56,941.433348","2,456,941.433348",NaN,NaN,NaN,NaN,NaN,-24.5625,0.5,NaN,NaN,20,35,53,99.38051,317.178654,99.88051,195.321346,"1,093.321985","1,791.589359",0.610253,"2,023","2,000.00318","1,999.134084",24.256879,28.392945,20.120813,16.431145,0.844354
66,pulsar-165.fit,65,0,"56,941.433359","2,456,941.433359",NaN,NaN,NaN,NaN,NaN,-24.5625,0.5,NaN,NaN,20,35,53,99.38051,317.178654,99.88051,195.321346,"1,311.181846","1,792.467421",0.731495,"2,029","2,000.002385","1,998.96011",28.256298,23.894041,32.618554,285.982398,0.873637
67,pulsar-166.fit,66,0,"56,941.433371","2,456,941.433371",NaN,NaN,NaN,NaN,NaN,-24.5625,0.5,NaN,NaN,20,35,53,99.38051,317.178654,99.88051,195.321346,"1,001.844275","1,791.039417",0.559365,"2,026","1,999.799682","1,999.003303",26.912372,25.973865,27.850879,286.096432,0.993224
68,pulsar-167.fit,67,0,"56,941.433383","2,456,941.433383",NaN,NaN,NaN,NaN,NaN,-24.5625,0.5,NaN,NaN,20,35,53,99.38051,317.178654,99.88051,195.321346,750.676378,"1,789.02551",0.419601,"2,023","1,999.280604","1,998.683882",22.471926,10.998421,33.945431,81.468712,0.282109
69,pulsar-168.fit,68,0,"56,941.433406","2,456,941.433406",NaN,NaN,NaN,NaN,NaN,-24.5625,0.5,NaN,NaN,20,35,53,99.38051,317.178654,99.88051,195.321346,"1,056.338011","1,796.043133",0.588147,"2,025","2,000.065183","1,999.225486",28.693047,28.08651,29.299583,54.993311,0.984714
70,pulsar-169.fit,69,0,"56,941.433417","2,456,941.433417",NaN,NaN,NaN,NaN,NaN,-24.5625,0.5,NaN,NaN,20,35,53,99.38051,317.178654,99.88051,195.321346,"4,391,711.121501","2,760.125313","1,591.127439","10,306","5,505.18124","2,014.154911",22.753119,21.833479,23.672759,76.041374,0.991658
71,pulsar-170.fit,70,0,"56,941.433429","2,456,941.433429",NaN,NaN,NaN,NaN,NaN,-24.5625,0.5,NaN,NaN,20,35,53,99.38051,317.178654,99.88051,195.321346,"1,260.873605","1,790.338439",0.704266,"2,022","2,000.064388","1,999.062104",24.351257,24.331168,24.371346,45.359646,0.982726
72,pulsar-171.fit,71,0,"56,941.43344","2,456,941.43344",NaN,NaN,NaN,NaN,NaN,-24.5625,0.5,NaN,NaN,20,35,53,99.38051,317.178654,99.88051,195.321346,"1,097.666328","1,791.451118",0.612725,"2,022","1,999.884738","1,999.012189",26.746067,24.374438,29.117696,294.966627,0.925271
73,pulsar-172.fit,72,0,"56,941.433452","2,456,941.433452",NaN,NaN,NaN,NaN,NaN,-24.5625,0.5,NaN,NaN,20,35,53,99.38051,317.178654,99.88051,195.321346,685.432024,"1,790.249285",0.38287,"2,023","1,999.485692","1,998.940833",27.380335,23.104092,31.656578,83.694003,0.902368
74,pulsar-173.fit,73,0,"56,941.433464","2,456,941.433464",NaN,NaN,NaN,NaN,NaN,-24.5625,0.5,NaN,NaN,20,35,53,99.38051,317.178654,99.88051,195.321346,339.603292,"1,789.761867",0.189748,"2,024","1,999.460254","1,999.190299",22.606666,14.653026,30.560306,71.311644,-3.03907
75,pulsar-174.fit,74,0,"56,941.433487","2,456,941.433487",NaN,NaN,NaN,NaN,NaN,-24.5625,0.5,NaN,NaN,20,35,53,99.38051,317.178654,99.88051,195.321346,"1,235.979172","1,793.146004",0.68928,"2,023","1,999.585056","1,998.60256",26.913209,27.327556,26.498861,38.469197,0.981446
76,pulsar-175.fit,75,0,"56,941.433498","2,456,941.433498",NaN,NaN,NaN,NaN,NaN,-24.5625,0.5,NaN,NaN,20,35,53,99.38051,317.178654,99.88051,195.321346,"1,007.445962","1,794.796907",0.561315,"2,024","1,999.832273","1,999.031442",22.858772,15.345699,30.371845,283.952789,0.549329
77,pulsar-176.fit,76,0,"56,941.43351","2,456,941.43351",NaN,NaN,NaN,NaN,NaN,-24.5625,0.5,NaN,NaN,20,35,53,99.38051,317.178654,99.88051,195.321346,"4,232,108.849464","2,731.36682","1,549.447265","10,096","5,377.565183","2,013.408705",22.74593,21.831833,23.660028,75.907113,0.991712
78,pulsar-177.fit,77,0,"56,941.433521","2,456,941.433521",NaN,NaN,NaN,NaN,NaN,-24.5625,0.5,NaN,NaN,20,35,53,99.38051,317.178654,99.88051,195.321346,"1,218.141976","1,790.439787",0.680359,"2,024","1,999.908585","1,998.940269",29.191881,27.787401,30.596361,289.282245,0.984925
79,pulsar-178.fit,78,0,"56,941.433533","2,456,941.433533",NaN,NaN,NaN,NaN,NaN,-24.5625,0.5,NaN,NaN,20,35,53,99.38051,317.178654,99.88051,195.321346,"1,691.946797","1,791.558445",0.944399,"2,023","2,000.415739","1,999.07079",24.697509,22.642082,26.752937,277.311292,0.970815
80,pulsar-179.fit,79,0,"56,941.433545","2,456,941.433545",NaN,NaN,NaN,NaN,NaN,-24.5625,0.5,NaN,NaN,20,35,53,99.38051,317.178654,99.88051,195.321346,"1,176.435467","1,795.388378",0.655254,"2,025","1,999.906995","1,998.971832",27.752344,23.88746,31.617228,71.425315,0.882493
81,pulsar-180.fit,80,0,"56,941.433556","2,456,941.433556",NaN,NaN,NaN,NaN,NaN,-24.5625,0.5,NaN,NaN,20,35,53,99.38051,317.178654,99.88051,195.321346,968.321456,"1,791.181644",0.540605,"2,024","1,999.828299","1,999.058568",21.126359,18.26888,23.983838,77.161939,0.913118
82,pulsar-181.fit,81,0,"56,941.433579","2,456,941.433579",NaN,NaN,NaN,NaN,NaN,-24.5625,0.5,NaN,NaN,20,35,53,99.38051,317.178654,99.88051,195.321346,"4,193,708.450256","2,722.636706","1,540.311434","9,925","5,346.156598","2,012.525079",22.756827,21.843517,23.670137,75.851674,0.991717
83,pulsar-182.fit,82,0,"56,941.433591","2,456,941.433591",NaN,NaN,NaN,NaN,NaN,-24.5625,0.5,NaN,NaN,20,35,53,99.38051,317.178654,99.88051,195.321346,805.452627,"1,796.361887",0.44838,"2,023","1,999.445151","1,998.804887",25.506711,24.295237,26.718186,57.664952,0.950923
84,pulsar-183.fit,83,0,"56,941.433602","2,456,941.433602",NaN,NaN,NaN,NaN,NaN,-24.5625,0.5,NaN,NaN,20,35,53,99.38051,317.178654,99.88051,195.321346,"3,585,765.481843","2,609.78058","1,373.972015","8,902","4,861.203498","2,010.83348",22.742322,21.836567,23.648078,75.931009,0.991866
85,pulsar-184.fit,84,0,"56,941.433614","2,456,941.433614",NaN,NaN,NaN,NaN,NaN,-24.625,0.5,NaN,NaN,20,35,53,99.38051,317.178654,99.88051,195.321346,"1,138.73684","1,788.746741",0.636612,"2,019","1,999.372019","1,998.466823",25.799559,27.106276,24.492842,38.886076,0.772426
86,pulsar-185.fit,85,0,"56,941.433626","2,456,941.433626",NaN,NaN,NaN,NaN,NaN,-24.625,0.5,NaN,NaN,20,35,53,99.38051,317.178654,99.88051,195.321346,"1,001.341314","1,790.575189",0.559229,"2,025","1,999.610493","1,998.814514",24.752707,21.399999,28.105415,83.985534,0.926022
87,pulsar-186.fit,86,0,"56,941.433637","2,456,941.433637",NaN,NaN,NaN,NaN,NaN,-24.625,0.5,NaN,NaN,20,35,53,99.38051,317.178654,99.88051,195.321346,"1,035.262708","1,790.155099",0.578309,"2,026","1,999.709857","1,998.886914",26.124658,19.103607,33.145709,77.338565,0.692435
88,pulsar-187.fit,87,0,"56,941.43366","2,456,941.43366",NaN,NaN,NaN,NaN,NaN,-24.625,0.5,NaN,NaN,20,35,53,99.38051,317.178654,99.88051,195.321346,862.459072,"1,790.737118",0.481622,"2,022","1,999.666137","1,998.980557",27.508745,29.894299,25.123191,1.768824,0.970253
89,pulsar-188.fit,88,0,"56,941.433672","2,456,941.433672",NaN,NaN,NaN,NaN,NaN,-24.625,0.5,NaN,NaN,20,35,53,99.38051,317.178654,99.88051,195.321346,"4,074,294.741767","2,702.133141","1,507.806806","9,744","5,251.381558","2,012.673496",22.745462,21.847005,23.643919,75.551897,0.991883
90,pulsar-189.fit,89,0,"56,941.433683","2,456,941.433683",NaN,NaN,NaN,NaN,NaN,-24.625,0.5,NaN,NaN,20,35,53,99.38051,317.178654,99.88051,195.321346,"1,510.287813","1,788.134718",0.844616,"2,026","1,999.817965","1,998.617418",26.058983,23.037244,29.080722,81.900752,0.943214
91,pulsar-190.fit,90,0,"56,941.433695","2,456,941.433695",NaN,NaN,NaN,NaN,NaN,-24.625,0.5,NaN,NaN,20,35,53,99.38051,317.178654,99.88051,195.321346,965.502758,"1,788.779123",0.539755,"2,027","1,999.414944","1,998.647454",26.833967,26.343347,27.324587,52.390611,0.979471
92,pulsar-191.fit,91,0,"56,941.433707","2,456,941.433707",NaN,NaN,NaN,NaN,NaN,-24.625,0.5,NaN,NaN,20,35,53,99.38051,317.178654,99.88051,195.321346,511.615678,"1,795.398704",0.284959,"2,024","1,999.322734","1,998.916045",26.266928,23.673725,28.860131,306.337512,0.568812
93,pulsar-192.fit,92,0,"56,941.433718","2,456,941.433718",NaN,NaN,NaN,NaN,NaN,-24.625,0.5,NaN,NaN,20,35,53,99.38051,317.178654,99.88051,195.321346,626.08722,"1,796.028946",0.348595,"2,022","1,999.36566","1,998.867975",27.337895,31.7328,22.942991,19.677155,0.8357
94,pulsar-193.fit,93,0,"56,941.433741","2,456,941.433741",NaN,NaN,NaN,NaN,NaN,-24.625,0.5,NaN,NaN,20,35,53,99.38051,317.178654,99.88051,195.321346,"1,016.515461","1,791.973328",0.56726,"2,024","1,999.612083","1,998.804042",26.254098,23.038666,29.46953,80.401298,0.934701
95,pulsar-194.fit,94,0,"56,941.433753","2,456,941.433753",NaN,NaN,NaN,NaN,NaN,-24.625,0.5,NaN,NaN,20,35,53,99.38051,317.178654,99.88051,195.321346,924.595449,"1,791.899564",0.515986,"2,023","1,999.431638","1,998.696665",29.000956,26.124797,31.877115,54.056156,0.600817
96,pulsar-195.fit,95,0,"56,941.433764","2,456,941.433764",NaN,NaN,NaN,NaN,NaN,-24.625,0.5,NaN,NaN,20,35,53,99.38051,317.178654,99.88051,195.321346,"4,504,007.125863","2,781.50854","1,619.267768","10,515","5,594.049285","2,013.757452",22.74239,21.853559,23.631222,75.496999,0.992036
97,pulsar-196.fit,96,0,"56,941.433776","2,456,941.433776",NaN,NaN,NaN,NaN,NaN,-24.625,0.5,NaN,NaN,20,35,53,99.38051,317.178654,99.88051,195.321346,990.939792,"1,792.835682",0.552722,"2,025","1,999.331479","1,998.543768",25.630649,25.627677,25.633622,45.029624,0.949695
98,pulsar-197.fit,97,0,"56,941.433788","2,456,941.433788",NaN,NaN,NaN,NaN,NaN,-24.625,0.5,NaN,NaN,20,35,53,99.38051,317.178654,99.88051,195.321346,"1,034.297808","1,790.195956",0.577757,"2,027","1,999.613672","1,998.791496",29.262423,28.253623,30.271224,280.394871,0.994574
99,pulsar-198.fit,98,0,"56,941.433799","2,456,941.433799",NaN,NaN,NaN,NaN,NaN,-24.625,0.5,NaN,NaN,20,35,53,99.38051,317.178654,99.88051,195.321346,182.829505,"1,796.283648",0.101782,"2,018","1,998.963434","1,998.818101",19.357108,12.346249,26.367968,300.690417,-9.62908
100,pulsar-199.fit,99,0,"56,941.433822","2,456,941.433822",NaN,NaN,NaN,NaN,NaN,-24.625,0.5,NaN,NaN,20,35,53,99.38051,317.178654,99.88051,195.321346,"1,085.307181","1,790.29627",0.606217,"2,030","1,999.752782","1,998.890058",26.534004,25.848521,27.219487,305.657704,0.974023
101,pulsar-200.fit,100,0,"56,941.433834","2,456,941.433834",NaN,NaN,NaN,NaN,NaN,-24.625,0.5,NaN,NaN,20,35,53,99.38051,317.178654,99.88051,195.321346,"1,151.387109","1,792.223927",0.642435,"2,019","1,999.527027","1,998.611775",26.354169,25.794504,26.913834,310.639492,0.921604